mlbID,ERA,WHIP,SO9,SO/W,HR,BB,H,IP,BAbip
671096,3.72,1.297,7.4,2.19,25,52,127,138.0,0.26
650556,3.05,1.155,11.9,3.18,9,33,59,79.2,0.284
592094,2.05,0.848,9.9,3.78,6,23,44,79.0,0.211
613534,3.92,1.476,11.5,2.3,4,23,38,41.1,0.351
686654,14.54,2.077,6.2,1.5,4,2,7,4.1,0.25
672851,6.75,1.5,5.1,1.5,2,4,12,10.2,0.294
687924,6.25,1.326,5.4,1.58,8,12,30,31.2,0.229
669211,3.29,0.945,11.0,4.85,9,20,55,79.1,0.247
660896,3.24,1.029,8.9,2.9,8,20,40,58.1,0.221
691951,4.85,1.923,6.9,1.0,2,10,15,13.0,0.302
518397,2.56,1.19,7.2,2.07,3,15,31,38.2,0.262
641302,5.1,1.245,7.5,3.75,23,24,110,107.2,0.28
663465,5.0,1.556,7.7,2.88,5,8,34,27.0,0.358
663531,5.46,1.5,6.8,2.1,3,10,32,28.0,0.315
671106,5.64,1.582,7.3,1.93,22,41,113,97.1,0.319
622075,3.45,1.085,11.5,2.5,1,8,9,15.2,0.222
656186,14.73,2.182,12.3,1.67,1,3,5,3.2,0.4
621237,4.33,1.283,9.2,2.13,6,30,50,62.1,0.272
657193,0.0,1.0,9.0,,0,0,1,1.0,0.333
640470,4.67,1.442,6.8,2.17,6,6,19,17.1,0.265
502624,5.4,1.303,6.5,2.0,12,21,55,58.1,0.246
681982,8.1,1.613,9.8,2.9,11,10,33,26.2,0.319
605121,4.39,1.5,9.6,1.78,5,32,48,53.1,0.299
623433,4.04,1.402,7.3,1.93,6,15,35,35.2,0.284
641312,8.27,2.143,5.5,10.0,3,1,34,16.1,0.443
542881,3.81,1.288,7.1,1.95,24,73,158,179.1,0.258
677076,27.0,3.0,27.0,,1,0,1,0.1,
542882,6.0,1.333,10.5,7.0,2,1,7,6.0,0.313
622088,4.5,3.0,9.0,0.5,0,4,2,2.0,0.4
542888,4.86,1.53,8.9,2.64,6,25,77,66.2,0.364
681293,4.53,1.407,10.6,2.63,21,65,139,145.0,0.321
676879,3.49,1.235,10.5,2.75,2,12,23,28.1,0.276
668933,5.24,1.5,6.6,2.11,11,27,89,77.1,0.313
665871,3.73,1.401,7.6,1.97,20,63,143,147.0,0.292
687014,8.49,1.714,10.8,4.67,2,3,17,11.2,0.417
658648,3.68,1.272,8.7,2.31,8,36,73,85.2,0.284
669199,3.86,1.5,10.6,2.75,2,4,10,9.1,0.348
641329,5.01,1.157,8.9,3.29,3,7,20,23.1,0.283
607455,2.85,1.23,9.2,2.89,5,19,47,53.2,0.296
621383,4.05,1.309,9.8,3.2,6,25,71,73.1,0.323
605130,4.25,1.364,11.1,2.19,6,31,44,55.0,0.288
606930,4.36,1.318,7.5,2.75,10,20,67,66.0,0.297
598264,6.75,1.5,6.8,2.5,1,4,16,13.1,0.341
571466,18.0,4.0,0.0,,1,0,4,1.0,0.5
605135,4.16,1.462,8.8,2.4,18,70,180,171.0,0.335
669620,4.03,1.254,7.7,3.8,3,5,23,22.1,0.303
641343,4.5,2.25,2.3,0.25,0,4,5,4.0,0.333
657508,5.55,1.491,8.9,2.07,9,28,59,58.1,0.303
669358,3.06,1.059,7.8,2.56,9,27,57,79.1,0.229
660825,4.88,1.048,10.7,3.67,2,9,20,27.2,0.286
663941,1.69,1.125,7.9,3.5,2,4,14,16.0,0.261
670280,5.77,1.422,9.1,2.07,9,28,54,57.2,0.278
595881,8.36,1.786,11.6,2.0,2,9,16,14.0,0.4
656222,4.5,1.486,7.1,2.04,6,27,77,70.0,0.326
690925,4.91,1.364,12.3,5.0,0,1,4,3.2,0.444
678394,4.49,1.361,8.5,2.39,19,64,157,162.1,0.303
678368,3.67,1.311,5.8,2.1,15,21,69,68.2,0.254
669622,4.08,1.283,10.0,3.28,3,18,50,53.0,0.329
642834,8.1,1.95,5.4,2.0,2,2,11,6.2,0.391
657514,4.06,1.412,9.9,2.55,6,22,50,51.0,0.326
621244,3.6,1.154,7.2,2.83,31,54,168,192.1,0.258
672860,3.32,1.474,12.3,2.0,2,13,15,19.0,0.317
676440,3.48,1.149,9.7,4.13,23,48,163,183.2,0.294
641360,8.64,1.32,6.5,6.0,1,1,10,8.1,0.31
674370,3.41,1.09,9.0,2.42,3,26,43,63.1,0.252
669456,0.0,0.917,15.0,20.0,0,1,10,12.0,0.417
656232,5.16,1.753,4.2,1.08,5,13,39,29.2,0.321
685801,2.6,1.269,12.5,4.8,2,5,17,17.1,0.357
656234,4.5,1.7,7.0,1.24,5,25,43,40.0,0.319
806185,4.75,1.389,11.0,2.05,11,43,57,72.0,0.275
702352,3.14,1.192,6.8,3.36,9,11,47,48.2,0.266
621389,6.94,1.696,4.5,2.0,17,18,103,71.1,0.343
696131,6.44,1.679,7.7,2.07,7,15,46,36.1,0.348
621112,4.66,1.288,7.0,2.81,12,21,76,75.1,0.291
687134,5.87,1.794,5.9,1.0,4,20,35,30.2,0.304
669854,2.76,1.098,9.0,2.39,22,71,115,169.1,0.222
656240,1.77,1.23,8.0,2.25,2,8,17,20.1,0.268
814005,6.94,1.629,8.5,3.67,5,3,16,11.2,0.314
675989,4.34,1.446,8.2,1.89,3,9,18,18.2,0.278
592155,3.38,1.336,9.1,2.69,5,16,41,42.2,0.303
621366,7.36,1.636,10.6,3.25,2,4,14,11.0,0.4
623520,0.0,2.0,0.0,0.0,0,1,1,1.0,0.25
676961,4.5,2.0,2.3,0.5,0,2,6,4.0,0.353
680742,13.5,3.375,10.1,1.0,3,3,6,2.2,0.375
621199,4.4,1.272,7.0,1.85,5,13,26,30.2,0.239
571510,2.33,1.144,10.9,3.5,4,16,37,46.1,0.287
671212,6.42,1.72,10.6,1.4,4,40,42,47.2,0.314
674003,3.54,1.009,8.3,5.38,10,13,64,76.1,0.252
680694,2.75,1.068,12.1,3.53,2,15,27,39.1,0.281
671737,4.11,1.225,10.0,3.28,22,47,122,138.0,0.287
518489,3.98,1.011,7.4,4.33,5,6,26,31.2,0.241
623211,3.83,1.219,8.9,2.04,2,25,38,51.2,0.265
605154,5.86,1.355,10.9,3.53,11,19,56,55.1,0.317
605155,5.66,1.597,9.6,2.44,1,9,24,20.2,0.371
689225,3.42,1.195,9.2,2.34,6,32,56,73.2,0.269
666745,3.74,1.315,6.0,3.22,4,9,48,43.1,0.317
641401,24.0,3.667,9.0,0.5,4,6,5,3.0,0.167
605156,5.06,1.538,4.1,1.5,4,8,33,26.2,0.309
676962,3.58,1.084,10.4,3.37,5,19,41,55.1,0.273
686613,3.43,1.252,9.6,3.03,19,62,158,175.2,0.302
677865,9.53,1.765,7.9,5.0,1,1,9,5.2,0.421
660644,43.2,6.0,5.4,0.33,2,3,7,1.2,0.556
694350,14.29,2.118,6.4,1.33,2,3,9,5.2,0.368
663460,2.57,1.114,10.8,5.25,3,8,31,35.0,0.322
571527,2.7,1.2,2.7,0.5,0,2,2,3.1,0.182
621111,5.71,1.556,7.2,2.21,17,29,96,80.1,0.314
656266,1.5,0.667,9.0,6.0,1,1,3,6.0,0.143
607481,3.41,1.379,10.9,3.68,2,19,61,58.0,0.376
595897,1.86,1.448,11.2,1.33,1,9,5,9.2,0.191
670103,9.0,4.0,9.0,1.0,0,1,3,1.0,0.6
656271,5.82,1.559,10.9,2.56,4,16,37,34.0,0.363
680732,1.42,1.0,10.4,3.14,2,7,12,19.0,0.222
669203,2.85,1.082,8.2,3.76,22,49,170,202.1,0.267
621114,4.31,1.277,12.6,4.0,4,11,29,31.1,0.333
681347,2.7,1.5,5.4,0.67,1,3,2,3.1,0.125
641427,13.5,2.25,6.8,,1,0,9,4.0,0.471
681066,5.6,2.038,5.6,0.69,2,16,20,17.2,0.316
676130,2.86,1.081,9.6,2.15,8,39,46,78.2,0.214
665795,4.95,1.37,10.0,2.14,15,50,82,96.1,0.278
650893,3.65,1.492,7.2,1.69,10,29,63,61.2,0.299
665828,0.0,6.0,0.0,0.0,0,2,0,0.1,0.0
663462,16.2,2.4,8.1,3.0,3,2,14,6.2,0.423
656288,5.19,1.398,6.8,1.97,31,66,174,171.2,0.284
686563,4.49,1.327,6.6,2.28,18,40,125,124.1,0.291
666974,3.08,1.321,9.7,2.64,6,25,56,61.1,0.319
676282,4.95,1.325,10.4,2.56,6,18,35,40.0,0.29
571539,10.38,2.192,7.3,2.33,2,3,16,8.2,0.467
471911,5.64,1.399,7.7,2.7,19,33,112,103.2,0.31
676508,1.93,1.393,12.5,3.25,0,4,9,9.1,0.391
528748,5.23,1.452,6.1,1.75,0,4,11,10.1,0.314
650895,2.7,1.6,5.4,0.75,0,8,8,10.0,0.276
622491,3.64,1.169,9.0,3.72,25,47,158,175.1,0.286
612434,5.93,1.683,5.3,2.67,3,3,20,13.2,0.354
650489,0.0,0.0,0.0,,0,0,0,1.1,0.0
656302,3.75,1.106,10.7,3.38,20,68,147,194.1,0.273
677944,6.66,1.416,7.5,3.76,16,17,92,77.0,0.322
605177,3.51,1.473,11.2,2.26,5,31,52,56.1,0.338
547973,3.79,1.346,14.3,2.51,5,39,44,61.2,0.322
608638,2.23,1.018,7.4,2.31,6,13,24,36.1,0.19
445926,3.03,1.209,7.7,2.95,10,19,60,65.1,0.273
630023,6.3,1.867,7.5,1.92,7,13,43,30.0,0.375
683409,4.55,1.295,8.0,2.8,7,10,31,31.2,0.276
687847,0.0,1.0,9.0,,0,0,1,1.0,0.333
643256,7.03,1.397,7.0,1.36,1,14,20,24.1,0.288
542585,6.89,1.66,9.8,2.13,4,8,18,15.2,0.333
650644,4.28,1.287,8.3,2.85,29,53,158,164.0,0.282
661403,1.01,0.675,8.1,7.2,3,10,44,80.0,0.202
664076,3.75,1.383,10.7,2.29,6,31,52,60.0,0.305
665019,9.0,3.0,0.0,0.0,1,1,2,1.0,0.25
676391,9.0,2.0,0.0,,0,0,2,1.0,0.4
605182,6.75,1.938,8.4,1.67,4,9,22,16.0,0.36
502171,4.09,1.318,6.1,2.14,2,7,22,22.0,0.299
543037,3.4,1.186,9.0,3.17,12,35,97,111.1,0.285
669395,0.0,1.0,9.0,1.0,0,1,0,1.0,0.0
664351,9.0,1.5,9.0,3.0,0,2,7,6.0,0.389
672710,4.35,1.376,7.4,1.81,11,31,63,68.1,0.267
571578,5.62,1.5,7.2,2.57,25,54,208,174.2,0.338
641482,3.77,1.153,8.4,4.15,24,39,162,174.1,0.288
676680,11.85,1.902,9.9,2.5,3,6,20,13.2,0.415
543056,2.08,0.692,9.8,6.6,3,5,16,30.1,0.188
664776,2.35,1.07,12.4,2.52,5,21,20,38.1,0.203
543063,27.0,3.75,0.0,0.0,0,2,3,1.1,0.429
676710,4.36,1.122,8.6,3.43,34,51,155,183.2,0.247
622503,2.57,1.0,7.7,,1,0,7,7.0,0.316
681867,4.08,1.349,6.6,2.35,10,31,103,99.1,0.308
676105,2.75,1.475,12.4,3.0,4,9,20,19.2,0.348
676979,3.58,1.069,12.9,6.33,18,33,123,146.0,0.318
686539,4.35,1.422,9.2,2.88,1,25,75,70.1,0.366
668968,2.84,1.224,12.1,2.0,2,17,14,25.1,0.235
518585,4.86,1.335,14.7,3.11,9,35,54,66.2,0.338
674444,0.0,0.177,6.4,,0,0,1,5.2,0.071
621016,7.71,1.776,9.4,1.7,4,10,19,16.1,0.319
456501,7.15,1.5,4.8,2.0,4,3,14,11.1,0.27
675540,4.64,1.055,5.9,4.0,8,7,38,42.2,0.233
595928,15.43,2.571,3.9,,2,0,6,2.1,0.444
702674,9.58,2.032,7.0,1.14,5,7,14,10.1,0.29
669721,6.3,1.5,8.4,4.67,5,6,39,30.0,0.362
506433,3.24,0.993,8.1,3.73,14,22,69,91.2,0.23
656353,0.0,1.286,1.9,0.5,0,2,4,4.2,0.25
656354,9.0,1.571,7.7,1.2,0,5,6,7.0,0.316
663562,5.75,1.869,6.6,2.14,3,7,31,20.1,0.4
676969,7.15,1.588,5.6,1.75,0,4,14,11.1,0.378
660853,5.29,1.429,9.3,2.6,17,25,65,63.0,0.295
594798,1.69,1.125,11.8,14.0,1,1,11,10.2,0.37
672282,6.7,1.557,11.2,2.87,18,38,98,87.1,0.357
606965,6.75,1.575,8.1,1.71,9,14,28,26.2,0.253
664747,3.99,1.296,8.8,1.77,6,31,42,56.1,0.25
621242,3.7,1.114,14.5,3.62,7,26,39,58.1,0.294
646242,4.66,1.759,7.4,2.67,2,3,14,9.2,0.353
622766,0.0,0.0,0.0,,0,0,0,1.0,0.0
700270,3.81,1.377,6.0,1.58,3,12,27,28.1,0.282
518617,5.63,1.469,11.3,1.67,7,24,23,32.0,0.232
677976,5.59,1.655,6.5,1.4,1,5,11,9.2,0.313
689266,9.0,2.5,9.0,2.0,0,1,4,2.0,0.667
622554,4.33,1.21,10.4,3.33,12,21,52,60.1,0.258
666808,4.88,1.576,11.9,2.0,5,39,54,59.0,0.338
650960,2.25,0.75,6.8,3.0,1,1,2,4.0,0.1
681869,4.17,1.566,9.7,1.88,3,26,45,45.1,0.331
608648,5.0,1.667,10.0,1.25,0,8,7,9.0,0.304
641540,5.31,1.442,8.6,2.28,18,40,97,95.0,0.297
670161,19.29,2.571,11.6,1.5,2,2,4,2.1,0.333
661395,3.64,1.16,10.9,4.4,4,15,48,54.1,0.326
671109,4.5,1.5,4.5,1.0,0,1,2,2.0,0.333
605218,,,,0.0,0,2,1,0.0,1.0
664123,5.4,1.5,5.4,1.0,1,2,3,3.1,0.222
621107,3.56,1.152,7.3,5.48,22,25,170,169.1,0.289
685126,4.05,1.35,2.7,0.5,0,4,5,6.2,0.25
693821,6.52,1.631,8.3,2.71,8,17,64,49.2,0.366
686642,3.75,1.25,9.8,2.17,3,12,18,24.0,0.254
592288,6.62,1.528,6.1,1.71,4,7,20,17.2,0.286
669438,5.4,1.292,6.6,3.2,4,5,23,21.2,0.284
543135,3.8,1.107,8.8,3.95,23,42,147,170.2,0.271
668674,3.33,1.064,10.4,4.11,4,19,53,67.2,0.288
502179,8.31,2.192,3.1,0.6,3,5,14,8.2,0.344
683155,5.01,1.23,6.5,3.41,23,27,130,127.2,0.274
608032,2.5,0.919,8.4,4.15,6,13,40,57.2,0.227
669093,2.8,1.057,13.7,4.45,4,22,46,64.1,0.3
656412,3.61,1.343,8.6,1.96,9,28,49,57.1,0.269
664126,3.57,1.169,8.7,2.59,4,17,36,45.1,0.269
663559,4.43,1.286,6.1,2.16,17,45,138,142.1,0.287
571656,3.04,1.197,8.9,2.41,7,29,56,71.0,0.265
571657,6.75,2.0,0.0,0.0,0,1,7,4.0,0.389
676534,3.19,1.398,10.6,2.42,0,26,49,53.2,0.35
607200,3.3,1.162,7.8,2.96,20,52,154,177.1,0.271
621399,32.4,4.2,0.0,,1,0,7,1.2,0.6
663372,4.49,1.337,7.7,2.65,20,52,165,162.1,0.306
657571,4.61,1.482,11.0,2.68,6,25,56,54.2,0.34
621053,3.68,1.091,10.9,2.58,4,24,32,51.1,0.246
681676,3.38,1.35,9.6,2.22,4,32,58,66.2,0.31
678606,3.38,1.031,7.0,4.17,1,6,27,32.0,0.274
701581,4.9,1.321,10.8,3.35,9,23,62,64.1,0.319
670036,5.7,1.225,9.1,3.0,2,8,21,23.2,0.292
656420,6.3,1.2,7.2,2.0,2,4,8,10.0,0.231
640448,3.68,1.335,8.5,2.5,9,24,61,63.2,0.294
690916,1.74,1.258,3.9,1.29,0,7,19,20.2,0.284
666149,9.0,2.0,0.0,,0,0,6,3.0,0.429
656427,3.15,1.05,10.4,4.93,26,41,142,174.1,0.276
676596,4.02,1.532,4.9,1.21,3,14,34,31.1,0.301
623167,4.95,1.519,6.9,1.95,24,63,180,160.0,0.318
571670,3.8,1.194,6.3,2.82,5,17,65,68.2,0.29
671345,3.28,1.227,6.9,2.3,5,20,54,60.1,0.274
641582,2.7,1.5,5.4,0.8,1,5,5,6.2,0.2
641585,7.46,1.697,7.8,1.83,5,12,31,25.1,0.321
670102,3.3,0.926,8.0,4.18,17,22,74,103.2,0.212
607536,5.24,1.412,6.8,3.27,22,26,134,113.1,0.316
666818,13.97,2.69,11.2,1.71,2,7,19,9.2,0.531
608331,3.47,1.197,8.6,2.95,14,57,154,176.1,0.291
608334,4.15,1.396,8.4,2.03,11,40,81,86.2,0.292
681892,6.49,1.615,8.3,2.13,4,15,41,34.2,0.356
683769,1.82,0.845,8.2,4.24,5,17,50,79.1,0.222
606149,6.53,1.645,9.1,2.1,6,10,24,20.2,0.316
668678,3.65,1.264,9.5,2.89,13,54,133,148.0,0.305
642520,4.78,1.329,7.5,1.83,4,12,23,26.1,0.264
665620,7.07,1.929,9.6,1.36,2,11,16,14.0,0.35
472610,4.78,1.269,8.0,3.47,8,15,59,58.1,0.297
676395,4.22,1.19,11.3,4.69,4,16,55,59.2,0.331
554340,3.46,0.897,11.3,4.08,6,12,23,39.0,0.205
607237,5.06,1.688,18.6,2.2,1,5,4,5.1,0.429
666129,5.35,1.189,8.3,8.5,5,4,40,37.0,0.31
657585,3.47,1.332,12.9,2.87,6,31,52,62.1,0.343
688107,2.57,1.036,5.1,16.0,2,1,28,28.0,0.286
592332,3.83,1.221,8.1,2.89,20,56,165,181.0,0.282
593334,7.84,1.839,7.8,1.38,4,13,25,20.2,0.339
664139,4.5,2.0,4.5,1.0,0,1,3,2.0,0.375
502043,4.24,1.35,8.0,2.22,23,68,161,169.2,0.292
661563,3.5,1.193,10.1,2.22,18,77,104,151.2,0.238
669302,3.23,0.887,9.5,5.95,26,37,148,208.2,0.237
656457,3.24,1.44,4.3,2.0,1,2,10,8.1,0.3
656458,54.0,8.0,0.0,0.0,1,1,7,1.0,0.667
670810,7.15,1.324,5.6,,2,0,15,11.1,0.333
687362,2.25,1.125,9.0,1.6,0,5,4,8.0,0.211
656464,3.21,1.2,9.9,5.13,6,15,69,70.0,0.333
669372,4.24,1.324,7.7,3.22,4,9,36,34.0,0.327
607192,3.49,0.938,11.5,5.32,15,31,90,129.0,0.26
596295,4.75,1.309,6.3,3.05,30,38,178,165.0,0.29
672782,3.97,1.588,7.9,1.43,2,7,11,11.1,0.265
594835,4.54,1.604,6.1,2.09,5,11,43,33.2,0.342
624647,3.86,1.114,4.2,0.85,3,13,13,23.1,0.149
685299,8.65,1.718,6.8,4.33,10,6,53,34.1,0.377
669022,3.9,1.419,9.8,2.78,15,65,171,166.1,0.341
543238,10.38,2.308,8.3,4.0,2,1,9,4.1,0.467
700669,4.7,1.174,7.0,3.0,1,2,7,7.2,0.273
660813,2.45,0.682,8.6,3.5,0,2,3,7.1,0.167
592351,4.47,1.315,7.5,3.07,11,28,107,102.2,0.307
680686,14.04,2.4,9.7,1.8,2,5,15,8.1,0.464
543243,3.84,1.088,11.0,5.21,21,39,142,166.1,0.301
643338,3.27,1.032,7.4,3.07,8,14,40,52.1,0.23
668881,2.75,1.018,10.1,2.96,12,57,96,150.1,0.239
675627,4.74,1.155,9.7,3.31,7,16,41,49.1,0.276
674944,1.13,0.583,4.5,4.0,0,3,11,24.0,0.164
692285,0.0,0.8,8.1,4.5,0,2,6,10.0,0.24
641645,12.0,2.0,0.0,0.0,1,2,4,3.0,0.25
661269,6.75,1.25,9.0,2.0,1,2,3,4.0,0.2
623352,3.8,1.009,12.9,3.89,12,27,47,73.1,0.241
669084,5.02,1.605,9.2,2.1,6,21,48,43.0,0.347
678020,1.46,0.811,9.5,6.5,2,2,8,12.1,0.214
641656,3.69,1.333,10.2,3.14,2,14,38,39.0,0.346
641658,0.0,0.0,0.0,,0,0,0,1.0,0.0
676106,4.75,1.335,5.8,2.05,12,19,62,60.2,0.263
669724,1.74,1.129,7.3,3.57,2,7,28,31.0,0.28
663687,2.86,1.355,7.6,1.85,7,33,65,72.1,0.292
690986,4.56,1.343,8.5,2.81,18,42,125,124.1,0.309
664129,9.0,1.889,7.0,1.75,1,4,13,9.0,0.375
701643,6.75,1.5,5.4,1.0,1,4,6,6.2,0.25
640451,4.44,1.322,9.8,3.44,5,16,51,50.2,0.336
687396,3.0,1.333,15.0,2.5,1,2,2,3.0,0.2
571760,4.28,1.25,8.9,3.88,23,41,159,160.0,0.299
669169,16.88,2.438,6.8,1.33,2,3,10,5.1,0.421
595978,0.0,0.5,0.0,0.0,0,1,0,2.0,0.0
623168,0.0,1.0,0.0,,0,0,1,1.0,0.25
621294,11.25,2.083,11.3,2.5,1,6,19,12.0,0.474
664854,2.04,1.101,10.7,3.43,3,23,50,66.1,0.294
543294,5.92,1.454,6.0,2.02,21,43,147,130.2,0.305
668874,135.0,21.0,0.0,0.0,0,3,4,0.1,0.8
683618,7.11,1.895,9.9,1.75,2,4,8,6.1,0.333
678692,3.26,1.293,7.0,3.0,2,5,20,19.1,0.31
674072,7.04,1.748,7.0,1.67,9,18,49,38.1,0.333
682073,9.0,1.5,0.0,0.0,0,1,2,2.0,0.25
656529,3.04,0.972,10.3,5.4,3,5,18,23.2,0.273
623474,4.38,1.297,10.9,5.0,2,3,13,12.1,0.344
643361,1.59,0.794,7.1,3.0,1,3,6,11.1,0.167
672578,3.3,1.333,8.1,1.69,1,16,24,30.0,0.274
678226,2.21,1.082,12.8,2.64,0,11,11,20.1,0.262
622694,6.32,1.213,4.6,1.6,5,5,14,15.2,0.196
571771,4.15,1.154,0.0,,0,0,5,4.1,0.278
642546,5.4,1.592,8.1,1.39,6,28,41,43.1,0.299
669796,3.38,1.688,6.8,1.0,1,4,5,5.1,0.25
663321,7.88,1.375,11.3,10.0,4,1,10,8.0,0.316
682120,1.91,1.019,9.3,2.52,2,29,43,70.2,0.243
687792,4.16,1.263,10.8,2.94,11,36,76,88.2,0.29
543305,18.0,3.0,0.0,0.0,1,1,2,1.0,0.25
663855,4.1,1.45,7.9,2.04,12,47,112,109.2,0.316
677955,5.06,1.125,5.1,1.5,2,4,8,10.2,0.194
448179,4.91,1.091,12.3,1.67,1,3,1,3.2,0.0
657612,3.34,1.429,4.1,1.68,2,19,81,70.0,0.319
663546,3.9,1.215,8.4,5.36,10,14,84,80.2,0.322
687863,1.88,0.884,10.9,2.74,2,19,19,43.0,0.189
663773,2.56,1.118,7.2,3.0,6,15,48,56.1,0.266
656546,2.93,1.02,12.0,5.0,6,18,51,67.2,0.287
670059,3.16,1.305,9.8,2.24,6,25,42,51.1,0.277
668970,0.0,1.5,6.8,,0,0,2,1.1,0.5
680880,4.02,1.66,9.2,1.78,1,9,17,15.2,0.348
605280,2.84,1.249,9.4,3.04,4,24,63,69.2,0.311
656550,3.56,1.185,9.2,4.67,7,15,66,68.1,0.314
663947,2.61,0.81,7.5,4.61,8,18,63,100.0,0.209
641703,2.43,1.131,4.4,1.67,3,12,34,40.2,0.256
690544,6.5,1.778,6.5,1.3,5,10,22,18.0,0.288
656557,3.12,1.142,7.8,3.21,11,48,156,178.2,0.283
605288,5.84,1.529,5.8,1.41,8,32,74,69.1,0.3
675921,6.21,2.0,8.4,1.93,5,14,44,29.0,0.402
663542,1.73,0.722,9.0,3.65,7,17,28,62.1,0.149
641712,6.17,1.674,5.0,0.98,11,50,99,89.0,0.306
543339,2.89,1.026,8.8,3.2,10,20,47,65.1,0.222
676714,8.15,1.925,10.7,2.1,8,10,24,17.2,0.333
669165,0.0,1.071,5.8,,0,0,5,4.2,0.333
676428,2.32,0.974,7.0,4.88,4,8,41,50.1,0.253
628452,1.95,0.736,8.8,5.23,4,13,38,69.1,0.202
684007,2.91,1.021,9.0,6.21,27,28,149,173.1,0.264
683568,1.5,1.833,9.0,0.75,0,8,3,6.0,0.188
608344,5.11,1.451,6.3,2.69,18,29,132,111.0,0.317
663623,4.41,1.199,7.5,3.0,29,52,173,187.2,0.274
543351,7.52,1.405,9.9,3.22,7,9,28,26.1,0.304
592426,5.07,1.436,10.0,2.35,8,26,53,55.0,0.313
689690,2.7,0.78,11.3,7.0,2,3,10,16.2,0.216
682175,9.0,2.333,6.0,2.0,1,1,6,3.0,0.455
445276,3.29,1.061,10.2,3.1,4,20,38,54.2,0.26
686826,3.19,1.433,5.8,1.15,6,33,52,59.1,0.261
664299,3.89,1.414,7.0,1.42,4,19,30,34.2,0.263
643377,2.03,0.873,12.0,6.33,4,15,47,71.0,0.272
664079,4.7,1.957,7.0,1.0,0,6,9,7.2,0.375
641726,9.82,1.909,7.4,3.0,4,4,24,14.2,0.385
666204,4.91,1.558,8.8,1.32,6,19,21,25.2,0.227
641729,2.58,0.99,10.7,3.46,2,24,45,69.2,0.256
695549,4.76,1.235,3.2,2.0,0,1,6,5.2,0.261
572955,3.61,1.273,10.5,2.68,6,25,48,57.1,0.302
686751,34.71,4.714,0.0,0.0,1,3,8,2.1,0.5
683003,4.14,1.192,9.8,3.38,18,39,106,121.2,0.284
690829,2.08,1.154,8.6,2.36,1,14,26,34.2,0.278
596001,2.69,0.851,6.9,6.38,8,8,49,67.0,0.224
676083,14.63,3.25,9.0,2.0,3,4,22,8.0,0.576
687145,0.0,3.0,27.0,1.0,0,1,0,0.1,
592454,1.91,1.128,9.6,2.27,5,22,31,47.0,0.222
641745,5.44,1.524,7.0,2.13,9,15,48,41.1,0.291
656605,4.25,1.303,8.4,3.32,23,50,182,178.0,0.308
543391,5.06,1.125,6.8,4.0,1,1,5,5.1,0.267
523260,4.94,1.484,10.2,2.19,4,16,30,31.0,0.338
687330,2.67,0.962,8.0,7.0,7,9,59,70.2,0.271
518876,4.03,1.167,7.7,3.32,11,19,67,73.2,0.275
547184,2.59,1.181,6.3,2.2,2,10,27,31.1,0.278
677161,3.97,1.253,9.7,2.26,10,27,44,56.2,0.241
689147,2.3,1.11,10.7,4.16,3,19,55,66.2,0.317
678061,5.64,1.612,10.9,3.86,4,7,29,22.1,0.403
477132,4.5,1.5,7.2,2.67,2,9,36,30.0,0.354
666197,0.0,0.0,0.0,,0,0,0,1.0,0.0
572971,5.4,1.86,5.9,1.38,3,8,23,16.2,0.351
579328,4.05,1.201,10.6,4.68,25,44,167,175.2,0.312
668873,4.22,1.594,5.9,1.17,2,6,11,10.2,0.281
518886,5.33,1.357,12.6,2.35,7,31,40,52.1,0.287
643396,4.5,1.5,0.0,0.0,0,2,1,2.0,0.143
687911,2.33,1.148,11.0,3.3,1,10,21,27.0,0.308
667463,2.85,1.2,5.7,2.71,5,14,58,60.0,0.28
650633,2.91,1.157,10.4,3.46,18,61,150,182.1,0.289
641755,6.19,1.469,10.1,2.18,11,33,61,64.0,0.301
669923,3.53,1.068,8.4,7.78,22,23,181,191.0,0.292
685116,14.14,2.714,5.1,1.33,1,3,16,7.0,0.455
552640,2.8,1.132,8.5,3.35,10,20,60,70.2,0.265
694361,11.05,2.455,8.6,1.17,0,6,12,7.1,0.48
680572,0.0,0.0,0.0,,0,0,0,1.0,0.0
689017,4.13,1.181,9.0,3.43,15,21,64,72.0,0.254
668800,0.0,1.0,0.0,0.0,0,2,1,3.0,0.111
571863,81.0,12.0,0.0,0.0,1,1,3,0.1,0.667
686799,3.99,1.194,3.4,2.5,7,10,68,65.1,0.284
657649,2.44,1.245,9.0,2.74,4,23,55,62.2,0.297
663568,4.89,1.522,7.6,3.55,4,11,59,46.0,0.367
656629,3.3,1.141,11.8,2.58,9,36,45,71.0,0.243
667478,0.0,0.0,0.0,,0,0,0,0.2,0.0
665152,4.1,1.242,8.5,2.41,18,51,110,129.2,0.258
670219,0.0,2.5,9.0,1.0,0,2,3,2.0,0.429
640454,18.0,2.0,18.0,2.0,1,1,1,1.0,0.0
641771,5.06,1.519,9.1,2.16,5,25,56,53.1,0.347
669270,4.5,0.8,4.5,,1,0,8,10.0,0.219
686747,4.58,1.245,7.1,2.8,4,5,17,17.2,0.265
663567,5.72,1.663,7.3,1.72,7,29,73,61.1,0.347
659275,2.08,0.923,6.2,1.5,1,2,2,4.1,0.083
656638,4.34,1.768,10.1,1.24,0,17,16,18.2,0.333
656641,3.71,1.512,8.2,1.48,6,27,39,43.2,0.28
571882,2.6,1.178,7.6,3.17,7,24,82,90.0,0.293
664875,6.49,1.777,6.8,1.36,9,33,73,59.2,0.35
676661,4.61,1.098,5.9,4.5,2,2,13,13.2,0.268
681517,4.07,1.027,6.1,3.3,4,10,40,48.2,0.252
673929,6.32,1.596,7.5,1.44,6,18,32,31.1,0.289
600917,4.32,1.32,12.0,2.78,7,32,56,66.2,0.32
669276,2.05,1.092,11.2,4.47,7,17,50,61.1,0.297
668984,8.68,1.821,6.8,3.5,2,2,15,9.1,0.371
605335,9.95,2.053,7.1,2.5,3,2,11,6.1,0.364
683004,8.83,1.71,7.8,1.82,7,17,44,35.2,0.327
643410,4.5,1.328,13.3,3.91,8,22,55,58.0,0.343
608678,6.63,1.79,8.1,1.21,4,14,20,19.0,0.296
669461,4.4,1.267,8.0,2.71,11,28,81,86.0,0.293
641793,3.63,1.247,8.1,4.55,22,31,164,156.1,0.312
663893,3.74,1.314,7.1,1.89,7,19,41,45.2,0.264
681432,3.46,1.269,9.7,1.56,1,18,15,26.0,0.241
594902,3.78,1.247,7.1,2.4,23,50,140,152.1,0.266
642528,0.0,2.0,6.8,3.0,0,1,7,4.0,0.438
666157,4.76,1.197,9.5,3.3,13,37,101,115.1,0.29
679845,0.0,1.0,0.0,,0,0,1,1.0,0.333
656657,18.0,3.0,18.0,,1,0,6,2.0,0.714
669674,3.09,1.2,8.9,2.19,5,21,35,46.2,0.252
682052,5.23,1.161,7.0,1.14,2,7,5,10.1,0.111
605347,2.89,1.226,8.5,2.63,6,19,46,53.0,0.286
641154,4.08,1.192,9.6,4.83,26,41,180,185.1,0.311
625643,1.99,1.106,9.8,3.52,10,42,108,135.2,0.288
547179,3.32,1.244,6.8,1.64,17,61,104,132.2,0.239
702795,0.0,1.286,0.0,0.0,0,1,2,2.1,0.222
663992,4.46,1.311,6.8,2.36,3,11,34,34.1,0.298
695076,1.17,1.272,6.5,1.57,0,14,25,30.2,0.272
687922,10.8,2.229,7.7,1.11,1,9,17,11.2,0.4
664192,5.23,1.548,6.1,0.88,1,8,8,10.1,0.241
607625,3.0,1.097,7.9,3.57,17,53,184,216.0,0.276
666200,5.0,1.245,7.8,2.64,9,22,61,66.2,0.286
543475,0.0,0.8,5.4,1.5,0,2,2,5.0,0.143
663738,3.32,0.992,8.1,2.79,6,14,29,43.1,0.207
458681,3.84,1.338,8.4,2.48,16,44,113,117.1,0.288
656671,2.57,0.857,9.0,3.5,1,2,4,7.0,0.177
680744,4.94,1.563,6.8,1.64,2,11,26,23.2,0.32
628317,6.09,1.38,7.7,3.1,22,31,124,112.1,0.309
641816,4.97,1.421,7.1,2.5,1,4,14,12.2,0.325
571912,14.73,1.636,0.0,,1,0,6,3.2,0.294
687424,5.68,1.474,5.2,1.57,1,7,21,19.0,0.318
640455,3.4,1.077,9.1,2.91,23,69,145,198.2,0.243
666159,4.88,1.554,7.5,1.92,3,12,31,27.2,0.329
666201,3.7,1.027,9.6,3.25,5,8,17,24.1,0.2
573009,3.92,1.173,8.0,2.94,1,18,52,59.2,0.298
676760,3.86,1.2,9.6,2.5,4,10,18,23.1,0.25
608566,6.75,2.25,6.8,0.75,1,4,5,4.0,0.333
679525,4.53,1.256,8.6,3.15,19,39,123,129.0,0.293
665896,2.33,1.241,6.5,1.4,1,10,14,19.1,0.241
628708,6.92,1.885,8.0,1.53,5,15,34,26.0,0.345
455119,3.45,1.128,10.2,16.67,5,3,47,44.1,0.359
663436,4.32,1.46,8.5,2.04,5,23,50,50.0,0.321
679885,2.48,1.307,11.3,2.53,2,36,59,72.2,0.324
607259,3.1,1.026,7.3,6.44,13,18,128,142.1,0.279
661527,3.59,1.272,6.2,2.0,7,18,49,52.2,0.269
664208,3.97,1.206,8.3,2.33,9,27,55,68.0,0.26
673513,3.75,1.139,10.0,2.65,8,26,45,62.1,0.245
805673,6.69,1.646,10.3,3.91,11,11,51,37.2,0.364
676755,5.06,1.125,10.1,1.2,0,5,1,5.1,0.091
571927,5.08,1.444,6.7,2.2,7,15,49,44.1,0.318
554431,9.9,1.9,9.0,3.33,3,3,16,10.0,0.406
641835,6.23,1.615,6.0,1.93,5,15,55,43.1,0.338
800049,7.49,1.812,5.9,1.05,6,21,40,33.2,0.318
663704,4.92,1.447,7.8,3.5,8,14,68,56.2,0.349
543510,18.0,2.0,0.0,,1,0,2,1.0,0.25
670766,6.21,1.619,6.0,1.87,9,15,53,42.0,0.321
694646,6.75,1.75,6.8,1.5,1,2,5,4.0,0.333
686790,0.0,0.333,3.0,1.0,0,1,0,3.0,0.0
519008,3.81,1.235,6.2,2.29,4,17,53,56.2,0.288
543518,7.44,1.684,6.9,1.19,6,21,34,32.2,0.289
700241,1.96,0.783,7.0,9.0,1,2,16,23.0,0.234
663474,5.11,1.56,8.8,1.51,19,49,69,75.2,0.255
656716,9.0,1.0,0.0,0.0,1,1,1,2.0,0.0
669111,1.5,1.0,9.8,2.6,1,5,7,12.0,0.222
607644,2.61,0.871,7.0,8.0,2,2,16,20.2,0.237
683232,5.7,1.417,11.7,3.25,7,24,61,60.0,0.351
682989,11.81,2.438,8.4,0.83,1,6,7,5.1,0.4
665622,5.18,1.575,7.2,1.6,4,20,43,40.0,0.317
703231,0.0,2.0,0.0,0.0,0,1,1,1.0,0.333
656730,2.59,0.966,10.0,3.86,4,14,33,48.2,0.25
656731,4.08,1.324,10.6,2.74,8,34,71,79.1,0.307
691441,12.0,2.333,6.0,0.67,2,3,4,3.0,0.25
664901,0.0,2.0,0.0,,0,0,2,1.0,0.5
675650,11.08,1.923,6.9,1.11,9,9,16,13.0,0.2
657240,6.6,1.8,8.4,1.56,0,9,18,15.0,0.375
670223,81.0,10.5,0.0,,0,0,7,0.2,0.778
676974,5.68,1.421,7.3,2.42,14,19,62,57.0,0.289
571945,5.35,1.276,6.4,4.88,26,25,194,171.2,0.311
489119,6.43,1.429,2.6,0.5,1,4,6,7.0,0.238
676272,8.52,1.768,8.4,1.73,17,30,69,56.0,0.331
682243,2.94,0.976,8.5,3.8,21,45,131,180.1,0.237
669062,3.88,1.307,11.6,2.29,7,38,50,67.1,0.285
695243,2.49,0.877,14.4,4.95,6,21,36,65.0,0.256
680911,18.0,3.0,0.0,0.0,1,1,5,2.0,0.4
668943,4.15,1.615,7.6,1.38,2,8,13,13.0,0.297
571946,4.53,0.97,7.9,3.77,9,13,41,55.2,0.215
668338,2.32,0.807,7.8,4.91,7,11,39,62.0,0.204
571948,4.73,1.191,8.9,4.57,6,14,63,64.2,0.32
621345,2.62,1.019,9.2,3.18,6,11,24,34.1,0.225
664948,0.0,3.0,9.0,1.0,0,1,2,1.0,0.5
663554,4.49,1.466,6.9,2.69,11,29,121,102.1,0.331
669387,3.38,1.184,8.2,2.42,3,19,41,50.2,0.273
683627,6.79,1.575,6.2,1.86,5,22,72,59.2,0.345
594580,3.35,1.089,9.1,2.71,3,14,27,37.2,0.253
593423,4.78,1.38,8.8,2.25,24,67,146,154.1,0.288
672456,4.62,1.303,7.1,2.58,19,31,101,101.1,0.284
606160,4.7,1.409,5.4,1.21,8,19,35,38.1,0.243
656756,6.23,1.65,6.4,1.89,14,44,149,117.0,0.351
682254,1.86,1.138,15.8,3.4,0,5,6,9.2,0.4
519043,5.03,1.345,7.6,1.58,11,26,39,48.1,0.221
670970,2.89,1.316,9.9,3.13,4,23,63,65.1,0.333
669212,2.01,0.985,7.7,3.17,4,12,32,44.2,0.231
450203,4.19,1.325,9.1,2.57,23,65,154,165.1,0.307
666205,4.01,1.176,6.6,3.6,6,10,48,49.1,0.282
662253,2.12,0.961,11.7,2.96,6,26,31,59.1,0.208
682610,6.53,1.585,7.6,1.67,26,42,89,82.2,0.267
605397,3.49,1.083,9.2,4.9,14,21,88,100.2,0.288
656786,6.55,1.455,2.5,0.6,1,5,11,11.0,0.25
668964,2.9,1.147,8.3,3.67,18,36,128,143.0,0.281
667297,4.09,1.227,7.8,2.11,2,9,18,22.0,0.262
677053,5.07,1.248,12.7,3.89,7,18,44,49.2,0.327
680897,7.07,1.907,6.6,0.72,7,36,32,35.2,0.24
680891,9.0,1.667,10.5,3.5,2,2,8,6.0,0.353
669459,4.22,1.125,6.8,2.0,2,4,8,10.2,0.214
656793,5.06,1.875,13.5,4.0,0,2,8,5.1,0.533
669194,4.24,1.254,7.5,3.71,17,34,155,150.2,0.309
593576,4.05,1.4,9.9,2.28,8,29,55,60.0,0.303
656794,6.3,1.7,6.3,0.88,2,8,9,10.0,0.269
693312,3.95,1.5,9.1,1.77,4,31,51,54.2,0.315
657697,1.5,1.0,6.0,4.0,1,2,10,12.0,0.257
605400,3.66,1.204,9.0,3.94,32,52,194,204.1,0.295
673380,2.31,0.914,12.3,6.0,3,8,24,35.0,0.276
676617,11.25,2.625,12.4,1.38,2,8,13,8.0,0.458
672552,4.66,1.862,5.6,1.2,1,5,13,9.2,0.343
641927,3.98,1.002,9.6,4.44,27,43,136,178.2,0.247
595345,5.09,1.5,8.4,2.06,6,16,37,35.1,0.307
670124,5.31,1.535,7.7,1.64,7,22,43,42.1,0.295
681857,3.41,1.179,8.1,3.11,8,35,108,121.1,0.289
672391,2.55,0.811,9.5,6.5,7,4,16,24.2,0.161
656814,27.0,4.5,0.0,,0,0,3,0.2,0.75
682847,3.32,1.113,7.1,2.55,16,42,109,135.2,0.244
679358,21.6,3.0,5.4,0.5,1,2,3,1.2,0.333
671305,3.44,1.382,14.6,2.75,2,20,27,34.0,0.352
493603,4.34,1.286,11.3,3.04,6,23,49,56.0,0.312
663978,4.99,1.393,8.0,3.76,14,21,102,88.1,0.327
641941,4.5,1.342,10.4,4.0,6,11,40,38.0,0.351
694037,6.14,1.773,9.8,1.33,0,12,14,14.2,0.35
669467,3.78,1.302,7.0,1.96,8,48,110,121.1,0.287
660600,1.66,1.062,6.6,1.6,0,10,13,21.2,0.22
680730,4.29,1.305,7.9,3.09,18,43,154,151.0,0.303
641149,6.0,1.333,7.0,3.5,2,2,10,9.0,0.296
572020,4.4,1.445,6.5,1.46,12,50,95,100.1,0.278
606303,3.41,1.039,8.9,2.86,7,21,42,60.2,0.227
663878,4.48,1.327,10.0,3.52,12,21,67,66.1,0.314
665625,2.98,1.539,8.2,1.74,4,27,52,51.1,0.327
679156,3.0,1.667,8.5,1.55,1,11,19,18.0,0.34
683068,2.25,1.75,6.8,0.75,0,4,3,4.0,0.25
686752,3.6,1.154,9.8,2.96,17,48,102,130.0,0.262
642547,3.73,1.198,10.3,2.97,26,69,145,178.2,0.277
678821,0.73,0.973,10.2,2.8,0,5,7,12.1,0.259
671111,4.8,1.867,6.6,1.57,2,7,21,15.0,0.365
593974,3.96,1.19,5.6,2.18,7,11,35,38.2,0.241
640902,0.0,0.0,0.0,,0,0,0,0.1,0.0
672335,4.67,1.426,7.8,1.68,0,28,49,54.0,0.306
527048,4.53,1.482,7.1,2.18,22,49,151,135.0,0.319
656848,5.95,1.627,6.4,1.27,3,11,21,19.2,0.295
656849,2.78,1.296,7.4,2.12,8,50,118,129.2,0.295
694297,4.71,1.239,9.2,4.4,24,42,183,181.2,0.316
623465,3.41,1.121,10.2,3.88,6,17,48,58.0,0.286
663969,6.87,1.418,6.9,4.0,9,7,45,36.2,0.316
666207,21.6,3.0,18.9,1.4,2,5,5,3.1,0.5
620982,10.97,2.25,6.8,1.6,2,5,19,10.2,0.405
601713,4.19,1.146,10.4,4.5,27,36,124,139.2,0.28
668676,8.25,1.583,3.8,0.71,4,7,12,12.0,0.211
621363,3.86,1.152,8.0,2.54,7,13,30,37.1,0.23
647315,5.63,1.333,6.2,1.74,9,19,45,48.0,0.25
547001,2.22,1.069,5.9,2.0,2,8,18,24.1,0.232
700249,5.2,1.431,7.8,2.03,12,34,80,79.2,0.291
668472,0.0,1.0,9.0,,0,0,1,1.0,0.333
519151,3.92,1.378,9.4,3.16,4,19,60,57.1,0.346
682990,4.71,1.409,6.0,2.36,7,14,56,49.2,0.299
643493,12.46,2.539,2.1,0.33,3,3,8,4.1,0.294
640462,3.15,1.108,11.1,3.14,5,28,51,71.1,0.271
615698,4.98,1.517,6.7,1.59,23,69,156,148.1,0.302
650671,3.26,1.5,11.2,1.41,1,17,12,19.1,0.282
500779,3.52,1.224,7.2,2.21,22,66,156,181.1,0.262
666142,3.03,1.141,10.8,3.32,15,71,153,196.1,0.292
663432,4.76,1.49,7.8,1.52,8,29,47,51.0,0.267
548384,0.0,0.714,11.6,3.0,0,3,2,7.0,0.154
642629,6.97,1.403,9.1,2.63,3,8,21,20.2,0.316
541640,4.35,1.065,6.5,1.5,5,10,12,20.2,0.13
598286,6.08,1.875,3.4,0.71,0,7,18,13.1,0.353
670990,6.2,1.467,9.0,2.65,4,17,49,45.0,0.352
656876,2.83,1.081,11.0,5.83,0,6,25,28.2,0.333
592662,4.7,1.141,12.6,2.87,6,15,20,30.2,0.241
607067,4.29,1.264,7.2,3.14,29,43,169,167.2,0.282
656887,1.66,1.246,10.4,1.79,0,14,13,21.2,0.255
622103,4.5,1.75,4.5,0.67,0,3,4,4.0,0.308
622569,0.0,2.0,0.0,0.0,0,1,1,1.0,0.25
669308,0.82,1.364,17.2,4.2,0,5,10,11.0,0.455
687377,13.5,3.6,8.1,1.5,0,2,10,3.1,0.588
670950,4.55,1.209,8.5,1.77,7,35,44,65.1,0.219
680689,27.0,4.5,13.5,1.0,1,1,2,0.2,0.5
660844,0.0,1.0,0.0,,0,0,2,2.0,0.222
656896,9.0,1.75,0.0,,1,0,7,4.0,0.333
642016,3.18,1.412,9.5,3.0,1,2,6,5.2,0.333
681799,3.71,1.538,8.8,2.6,3,10,31,26.2,0.359
502085,3.0,1.111,12.4,3.67,5,27,53,72.0,0.302
687798,4.05,1.275,9.5,7.0,3,2,15,13.1,0.333
677958,3.86,1.543,10.8,2.33,1,6,12,11.2,0.344
607074,4.0,1.213,10.3,3.7,33,57,167,184.2,0.289
692230,7.3,1.784,6.6,3.0,3,3,19,12.1,0.39
593958,5.04,1.5,8.5,2.47,8,19,56,50.0,0.324
680570,3.86,1.243,10.0,3.61,15,36,109,116.2,0.308
570257,5.93,1.537,7.9,6.0,3,2,19,13.2,0.348
655889,2.15,1.062,8.1,3.09,3,11,29,37.2,0.257
678495,4.3,1.242,9.1,2.94,4,18,47,52.1,0.305
684320,4.47,1.315,8.8,2.13,11,40,74,86.2,0.276
666720,8.72,1.8,7.1,1.31,7,13,26,21.2,0.288
642028,6.55,1.636,2.5,1.0,1,3,15,11.0,0.342
573124,2.4,1.25,9.6,2.91,7,22,53,60.0,0.299
669432,4.92,1.576,7.0,1.73,14,56,140,124.1,0.323
643511,2.82,1.038,6.5,8.5,7,6,67,70.1,0.277
668942,9.0,1.5,0.0,0.0,1,2,1,2.0,0.0
500743,0.0,1.0,0.0,,0,0,1,1.0,0.25
605447,6.59,1.463,8.6,3.25,4,4,16,13.2,0.308
668941,3.36,1.153,7.8,3.19,8,16,52,59.0,0.272
666163,4.5,2.5,4.5,0.5,1,2,3,2.0,0.286
670046,6.0,1.5,6.4,2.13,5,8,28,24.0,0.311
605452,3.69,1.348,7.9,2.2,7,30,72,75.2,0.294
694738,3.58,1.371,8.4,1.81,2,26,43,50.1,0.291
688297,4.19,1.398,8.7,1.94,2,17,31,34.1,0.296
614179,3.78,1.376,8.9,3.06,9,17,55,52.1,0.317
671131,3.24,1.2,9.7,4.5,1,2,8,8.1,0.333
657746,3.6,0.985,9.8,6.39,19,23,110,135.0,0.265
689981,1.33,1.18,8.0,2.0,1,9,15,20.1,0.264
656924,5.66,1.452,7.4,1.89,2,9,21,20.2,0.312
685314,36.0,6.0,0.0,0.0,0,4,2,1.0,0.5
681870,0.55,0.98,13.2,3.43,1,7,9,16.1,0.25
674285,2.76,1.636,8.3,1.93,2,14,34,29.1,0.36
519242,2.38,1.013,11.4,5.77,9,39,141,177.2,0.315
676614,3.62,0.915,5.9,2.0,6,9,16,27.1,0.143
650911,3.33,1.243,7.6,3.51,12,45,187,186.2,0.314
664350,6.06,1.598,4.3,1.21,3,14,43,35.2,0.325
680704,3.75,1.266,10.6,2.52,12,27,46,57.2,0.262
663776,5.08,1.506,9.2,2.31,8,35,85,79.2,0.342
663485,3.28,0.995,10.7,7.08,6,12,59,71.1,0.291
593934,0.0,0.0,0.0,,0,0,0,0.1,0.0
642701,3.89,1.088,8.7,3.29,4,21,57,71.2,0.282
663574,3.0,1.0,13.8,5.11,4,9,21,30.0,0.27
666619,4.91,1.091,7.4,6.0,0,1,7,7.1,0.304
642048,3.49,1.371,8.8,2.11,3,18,35,38.2,0.305
669422,7.71,2.082,5.0,0.82,3,11,23,16.1,0.333
622250,3.86,1.225,9.4,4.25,1,4,16,16.1,0.319
453286,3.95,1.154,8.3,4.0,7,10,40,43.1,0.277
657376,2.9,1.178,9.7,3.13,8,31,75,90.0,0.297
670167,3.42,1.301,8.1,2.08,1,24,48,55.1,0.294
680885,3.35,1.043,9.2,5.52,14,23,106,123.2,0.281
681035,4.56,1.204,7.4,3.25,8,12,45,47.1,0.276
656945,1.65,1.114,10.7,2.39,3,38,47,76.1,0.256
605463,2.23,1.165,9.3,2.03,7,35,45,68.2,0.232
676664,4.38,1.221,6.8,2.8,28,49,172,181.0,0.273
681882,2.57,1.0,6.4,1.25,0,4,3,7.0,0.167
673540,6.23,1.269,12.5,2.0,2,6,5,8.2,0.188
622608,6.57,1.865,5.1,0.88,3,8,15,12.1,0.333
622663,3.94,1.247,7.9,2.76,25,62,180,194.0,0.289
623149,4.31,1.135,9.8,4.3,6,10,35,39.2,0.282
543766,9.0,3.0,9.0,1.0,1,4,8,4.0,0.467
592741,0.0,1.0,0.0,,0,0,1,1.0,0.25
663767,4.15,1.269,8.3,2.67,1,3,8,8.2,0.292
694363,4.3,1.459,6.9,1.7,9,33,74,73.1,0.292
681217,6.75,1.5,13.5,3.0,3,4,8,8.0,0.278
608371,4.38,1.439,8.9,1.63,8,30,41,49.1,0.264
663903,3.7,1.272,8.6,3.17,22,54,175,180.0,0.305
694973,1.96,0.947,11.5,5.31,10,32,94,133.0,0.284
669373,2.39,0.91,10.6,6.7,16,37,155,211.0,0.271
686580,2.93,1.012,9.4,6.44,4,9,47,55.1,0.285
572143,4.95,1.349,7.3,3.83,6,12,64,56.1,0.337
671922,1.84,0.852,12.6,6.5,1,18,53,83.1,0.294
642086,0.0,1.0,0.0,0.0,0,1,2,3.0,0.2
622098,3.06,1.528,11.7,2.56,2,9,18,17.2,0.356
656976,0.0,1.0,0.0,0.0,0,1,0,1.0,0.0
519293,6.53,1.452,6.3,1.93,7,15,45,41.1,0.292
700363,4.76,1.588,7.9,2.5,1,2,7,5.2,0.333
592767,3.84,1.398,8.6,2.24,10,25,57,58.2,0.292
669912,4.35,1.839,6.1,1.0,0,7,12,10.1,0.353
605483,3.12,1.048,12.5,3.3,6,44,65,104.0,0.266
676092,1.94,1.176,10.2,3.62,5,13,36,41.2,0.298
666277,6.75,1.364,8.9,2.23,7,13,27,29.1,0.256
667755,3.42,1.204,7.7,2.16,8,45,91,113.0,0.27
647336,4.74,1.381,9.5,1.91,13,44,66,79.2,0.264
642397,4.36,1.565,11.1,2.36,4,28,56,53.2,0.371
666208,4.5,1.5,9.0,2.0,1,1,2,2.0,0.25
642100,5.7,1.394,12.5,2.36,2,14,19,23.2,0.327
687765,4.58,1.381,7.5,2.86,20,44,165,151.1,0.319
686730,5.46,1.533,7.9,2.96,20,27,112,90.2,0.331
605488,3.27,1.364,10.1,3.36,5,11,34,33.0,0.33
592773,4.57,1.279,10.5,2.63,8,27,51,61.0,0.279
622251,3.7,1.274,6.7,1.29,0,14,17,24.1,0.246
657006,3.07,1.099,9.0,3.65,12,37,111,134.2,0.274
683021,0.0,1.0,0.0,,0,0,1,1.0,0.25
623451,2.7,1.8,5.4,2.0,1,1,5,3.1,0.333
686993,2.25,1.5,9.0,4.0,0,1,5,4.0,0.357
592779,5.17,1.468,11.5,2.5,2,8,15,15.2,0.351
694813,3.53,1.211,7.4,3.14,18,37,133,140.1,0.283
621381,2.37,0.789,11.1,7.27,5,11,40,64.2,0.241
608717,5.55,1.474,6.8,1.33,5,33,53,58.1,0.281
676702,3.58,1.168,7.9,4.71,3,7,37,37.2,0.312
519326,3.31,1.091,7.0,2.38,10,24,56,73.1,0.23
675911,7.0,1.667,12.0,2.4,2,5,10,9.0,0.348
548389,6.01,1.535,5.2,2.23,7,22,109,85.1,0.339
573186,4.31,1.468,6.6,1.88,19,60,167,154.2,0.312
657265,2.31,1.2,6.9,3.0,1,3,11,11.2,0.303
596117,15.75,2.0,0.0,0.0,2,2,6,4.0,0.267
544150,3.7,1.294,7.3,2.51,17,43,130,133.2,0.29
660761,6.02,1.605,9.6,2.07,7,27,57,52.1,0.343
624133,3.37,1.226,8.9,3.4,14,45,145,155.0,0.308
663158,2.69,1.015,7.9,3.69,7,16,52,67.0,0.249
593833,,,,,0,0,1,0.0,1.0
642121,2.76,1.102,8.3,1.67,1,9,9,16.1,0.2
608718,3.15,1.142,6.9,4.17,10,12,63,65.2,0.272
657024,4.93,1.278,8.7,2.64,10,14,35,38.1,0.245
592791,3.27,1.131,6.8,3.79,21,33,154,165.1,0.271
622253,4.66,1.473,6.6,2.25,2,12,42,36.2,0.336
700187,3.72,1.138,11.6,3.57,4,7,15,19.1,0.244
527054,13.5,3.0,10.1,1.5,1,2,6,2.2,0.5
642133,6.75,2.25,0.0,0.0,0,1,5,2.2,0.417
678906,9.82,2.091,5.7,0.88,2,8,15,11.0,0.351
573204,5.32,1.563,10.1,2.21,6,24,50,47.1,0.333
624522,2.67,1.22,10.7,2.0,3,18,19,30.1,0.232
657044,3.26,1.191,7.1,3.47,5,15,64,66.1,0.3
668868,9.53,1.882,10.6,2.5,6,8,24,17.0,0.375
663423,3.61,1.134,9.6,4.05,8,19,63,72.1,0.302
689672,5.48,1.263,5.1,1.19,8,21,35,44.1,0.202
622786,3.32,0.959,9.3,3.5,3,12,27,40.2,0.235
543859,3.63,1.261,9.6,2.83,6,30,70,79.1,0.303
623437,0.0,0.429,7.7,,0,0,1,2.1,0.167
620443,0.0,0.0,0.0,,0,0,0,0.1,0.0
657053,7.43,2.304,10.2,1.44,3,18,35,23.0,0.464
595014,1.79,0.974,10.7,4.62,5,13,36,50.1,0.258
624431,13.5,3.5,0.0,0.0,0,2,5,2.0,0.455
657061,0.0,2.0,0.0,0.0,0,1,1,1.0,0.333
605513,2.65,1.049,9.6,2.9,6,20,37,54.1,0.233
667725,5.4,1.737,7.1,1.39,4,18,37,31.2,0.351
670955,1.51,0.816,12.3,7.13,2,8,26,41.2,0.267
570632,3.8,1.321,5.8,1.79,13,39,105,109.0,0.275
682842,6.91,1.884,8.8,1.17,1,12,15,14.1,0.359
683822,2.25,1.0,6.8,1.5,0,2,2,4.0,0.182
664285,2.99,1.129,8.6,3.02,13,57,147,180.2,0.283
676568,6.75,0.75,2.3,,0,0,3,4.0,0.214
545121,4.5,1.5,0.0,,1,0,3,2.0,0.286
681402,3.46,1.462,9.3,3.38,2,8,30,26.0,0.368
686973,7.61,1.691,8.9,3.06,12,16,68,49.2,0.359
681190,4.87,1.51,5.7,2.14,13,29,119,98.0,0.333
685107,3.38,1.425,9.5,4.67,1,3,16,13.1,0.385
434378,5.48,1.384,7.4,2.74,15,27,98,90.1,0.303
681911,1.58,0.966,11.7,2.7,7,33,33,68.1,0.194
663989,2.92,1.054,6.6,3.0,1,3,10,12.1,0.25
676684,2.71,1.074,8.5,4.0,3,18,64,76.1,0.286
600986,5.21,1.658,9.2,1.5,8,26,37,38.0,0.284
681871,2.08,1.154,6.2,1.5,1,2,3,4.1,0.167
670241,8.56,1.829,5.9,2.25,4,4,21,13.2,0.354
680767,4.28,1.48,7.9,1.76,7,37,72,73.2,0.311
608723,3.69,1.049,9.0,3.39,9,18,46,61.0,0.237
608379,3.44,1.215,7.7,3.06,18,49,164,175.1,0.295
621097,5.4,2.3,9.9,1.1,1,10,13,10.0,0.414
694462,16.71,2.429,3.9,0.38,3,8,9,7.0,0.286
663362,4.91,1.261,8.2,3.33,21,40,145,146.2,0.297
677020,5.11,1.541,8.0,1.83,1,6,13,12.1,0.324
676254,1.91,0.85,11.1,5.5,5,18,50,80.0,0.256
592836,7.1,1.721,6.2,1.57,24,37,107,83.2,0.321
670242,0.0,1.5,0.0,,0,0,2,1.1,0.333
686796,4.42,1.418,8.8,1.8,4,10,16,18.1,0.25
689958,0.82,0.818,7.4,1.29,0,7,2,11.0,0.077
622268,0.0,2.0,0.0,,0,0,2,1.0,0.4
681806,6.75,1.5,20.3,3.0,1,1,1,1.1,0.0
681810,1.69,1.313,5.9,1.4,1,5,9,10.2,0.276
701542,10.32,1.897,11.5,2.9,5,10,33,22.2,0.438
677960,3.63,1.177,8.3,3.33,11,24,78,86.2,0.277
596133,2.77,0.901,11.1,4.15,11,27,55,91.0,0.219
657097,2.98,1.186,9.4,2.14,4,28,40,57.1,0.245
657277,3.47,1.231,7.6,3.44,11,50,202,204.2,0.316
607179,6.7,1.752,7.6,1.46,7,24,49,41.2,0.328
669711,3.13,1.342,8.2,2.9,7,20,65,63.1,0.328
669330,5.87,1.37,7.6,4.33,3,3,18,15.1,0.313
666214,4.68,1.47,9.8,2.21,8,33,66,67.1,0.314
669713,3.86,1.138,8.9,3.19,12,21,56,67.2,0.243
554430,2.48,0.947,10.1,4.16,20,56,140,207.0,0.243
669952,7.23,1.648,4.9,1.0,4,13,26,23.2,0.286
669391,24.0,3.333,0.0,0.0,1,1,9,3.0,0.5
666215,0.0,2.4,13.5,1.67,0,3,5,3.1,0.455
676477,1.96,1.146,8.3,2.43,1,7,14,18.1,0.271
696136,5.48,1.63,8.2,2.1,9,20,55,46.0,0.333
642207,2.7,1.071,15.0,3.25,2,12,13,23.1,0.262
668909,4.86,1.368,9.4,2.47,7,32,72,76.0,0.31
663897,4.5,1.5,0.0,0.0,0,1,5,4.0,0.294
592866,2.03,1.035,8.0,3.28,3,18,51,66.2,0.267
682227,3.77,1.047,7.5,2.4,4,5,10,14.1,0.167
686294,18.0,2.0,9.0,,1,0,2,1.0,0.333
669060,4.04,1.271,7.1,2.65,20,31,102,104.2,0.27
458677,5.59,1.457,9.8,3.92,10,13,55,46.2,0.338
621051,5.71,1.587,8.8,1.31,8,26,29,34.2,0.236
642215,0.0,1.0,0.0,,0,0,1,1.0,0.25
642216,15.26,2.348,4.7,1.0,3,4,14,7.2,0.367
670174,4.2,1.427,7.2,2.31,10,26,81,75.0,0.31
680739,3.0,0.889,10.0,10.0,0,1,7,9.0,0.28
622259,9.72,2.04,6.5,1.5,2,4,13,8.1,0.379
668390,7.79,1.269,7.3,3.5,2,4,18,17.1,0.296
676775,7.16,1.374,7.8,2.4,9,20,56,55.1,0.301
621550,0.0,6.0,0.0,0.0,0,1,1,0.1,0.5
693433,2.89,0.898,7.5,7.77,14,13,96,121.1,0.241
622072,5.26,1.78,7.6,1.74,6,19,51,39.1,0.372
663765,7.97,1.629,6.7,2.89,6,9,48,35.0,0.342
680573,4.17,1.294,7.9,2.44,16,48,125,133.2,0.285
680736,5.7,1.376,6.4,1.63,9,16,34,36.1,0.245
808967,2.78,1.083,9.8,4.42,8,24,81,97.0,0.289
642232,3.36,1.025,5.8,2.07,11,29,67,93.2,0.215
573262,18.0,5.0,0.0,0.0,0,3,2,1.0,0.4
489446,1.17,0.827,12.4,3.04,3,28,23,61.2,0.17
622065,2.87,1.404,8.6,2.14,2,7,15,15.2,0.296
664849,4.38,1.231,11.1,2.53,3,19,29,39.0,0.286
642239,1.17,0.652,5.9,5.0,0,1,4,7.2,0.191
666171,2.12,0.765,9.5,3.0,0,6,7,17.0,0.184
672582,3.75,1.439,8.4,2.45,6,22,61,57.2,0.324
676604,2.7,1.5,10.8,2.0,1,2,3,3.1,0.25
691172,4.96,1.347,11.0,2.86,2,7,15,16.1,0.333
670871,5.09,1.359,6.1,1.5,5,8,16,17.2,0.22
